Name,Location,Contact,Industry
Business,"Los Angeles, CA 90036",(323) 938-7363,N/A
Business,"Los Angeles, CA 90015",(213) 266-8842,N/A
Accelerate Partners Inc.,"Los Angeles, CA 90064",(310) 461-3350,N/A
L. A. Computer Works,"Los Angeles, CA 90064",(310) 277-9799,N/A
"Reliable Resources, Inc.","Los Angeles, CA 90022",(626) 414-3208,N/A
Iron Mountain - Los Angeles,"Los Angeles, CA 90038",(323) 302-5526,N/A
Lurie & Kramer,"Los Angeles, CA 90025",(706) 521-0050,N/A
Actors Comedy Studio,"Los Angeles, CA 90036",(323) 302-9152,N/A
Dr Brett-Life Coach,"Los Angeles, CA 90038",(424) 235-4128,N/A
Broadway Insurance Services,"Los Angeles, CA 90007",(213) 221-1247,N/A
Liquor License.com,"Los Angeles, CA 90025",(800) 222-5557,N/A
Computer City Repairs,"Los Angeles, CA 90024",(310) 730-5227,N/A
MiklosCPA Inc. | #urCPA,"Los Angeles, CA 90071",(213) 283-9002,N/A
I Carry All,"Los Angeles, CA 90028",(323) 467-7689,N/A
Financial Counseling Center,"Los Angeles, CA 90010",(323) 954-4330,N/A
Marshall Security Training Academy,"Los Angeles, CA 90029",(323) 660-0636,N/A
4Link Network Consulting,"Los Angeles, CA 90007",(213) 616-1200,N/A
The Rhodes Group,"Los Angeles, CA 90017",(213) 624-9933,N/A
Neman Brothers,"Los Angeles, CA 90015",(213) 765-0100,N/A
Cerrell Associates,"Los Angeles, CA 90004",(323) 466-3445,N/A
"Savitsky, Satin & Bacon","Los Angeles, CA 90024",(310) 315-6200,N/A
Admarketing Inc,"Los Angeles, CA 90067",(310) 203-8400,N/A
STG Mentors,"Los Angeles, CA 90020",(805) 748-3180,N/A
Saba,"Los Angeles, CA 90011",(323) 232-3300,N/A
Dr Consultants & Designers Inc,"Los Angeles, CA 90071",(213) 687-1130,N/A
Semler Brossy Consulting Group,"Los Angeles, CA 90024",(310) 481-0180,N/A
Streamline Consulting Inc,"Los Angeles, CA 90045",(310) 258-8062,N/A
Avo Donoyan: Allstate Insurance,"Los Angeles, CA 90027",(323) 663-8541,N/A
Jones Eric L Law Offices,"Los Angeles, CA 90010",(213) 738-7838,N/A
The Printing Spot,"Los Angeles, CA 90045",(310) 670-7075,N/A
Safetek Security Industries Inc.,"Los Angeles, CA 90042",(323) 255-5015,N/A
Tim Hwang Consulting,"Los Angeles, CA 90042",(818) 915-3786,N/A
Chromium INC,"Los Angeles, CA 90013",(213) 955-5877,N/A
Print O Nas Printers,"Los Angeles, CA 90016",(323) 934-9292,N/A
"Save-on Insurance Services, Inc","Los Angeles, CA 90025",(310) 474-7283,N/A
The Compucare,"Los Angeles, CA 90029",(323) 309-2784,N/A
Brice Le Roux Hypnosis & Hypnotherapy,"Los Angeles, CA 90025",(424) 645-7517,N/A
Los Angeles Training Institute for Alcohol & Drug Counseling LLC,"Los Angeles, CA 90047",(323) 758-8266,N/A
Amberd Design Studio,"Los Angeles, CA 91343",(818) 572-7674,N/A
Downtown LA Printer,"Los Angeles, CA 90015",(213) 286-9000,N/A
Omni Legal Group,"Los Angeles, CA 90024",(310) 276-6664,N/A
SOS Accounting & Insurance Services,"Los Angeles, CA 90038",(323) 467-3333,N/A
Compucare,"Los Angeles, CA 90027",(323) 309-2784,N/A
Newhall Insurance Agency,"Los Angeles, CA 90045",(310) 670-0367,N/A
Green Organizing Solutions,"Los Angeles, CA 90026",(310) 739-3716,N/A
WeRecoverData.com,"Los Angeles, CA 90067",(866) 400-3282,N/A
Los Feliz Psychic,"Los Angeles, CA 90039",(323) 906-9999,N/A
PC AND WEB PROS,"Los Angeles, CA 90045",(888) 823-7767,N/A
Andrew Wood Acting Studio,"Los Angeles, CA 90038",(323) 836-2176,N/A
Brasco Enterprises,"Los Angeles, CA 90071",(800) 309-0760,N/A
Grigoryan Law Firm,"Los Angeles, CA 90010",(323) 350-0942,N/A
FREE PSYCHIC READINGS!,"Los Angeles, CA 90064",(424) 205-8055,N/A
LA On Site Computer Repair,"Los Angeles, CA 90069",(323) 309-2784,N/A
Mystics Altar,"Los Angeles, CA 90024",(310) 446-9100,N/A
Complete Systems Design,"Los Angeles, CA 90034",(310) 621-9567,N/A
Apumac,"Los Angeles, CA 90048",(323) 951-1288,N/A
Laptop Rescue,"Los Angeles, CA 90066",(310) 397-4499,N/A
The Ticket Clinic A Law Firm,"Los Angeles, CA 90004",(213) 984-4370,N/A
LAD Solutions,"Los Angeles, CA 90058",(888) 523-2926,N/A
"Digitech Solutions, Inc.","Los Angeles, CA 90014",(213) 537-0317,N/A
Angeles College,"Los Angeles, CA 90010",(213) 487-2211,N/A
MY REMOTE TECH,"Los Angeles, CA 90069",(310) 801-7801,N/A
Executive Image,"Los Angeles, CA 90017",(626) 607-1717,N/A
Fusion Technologies Services,"Los Angeles, CA 90044",(323) 473-3611,N/A
Martinez and Martinez,"Los Angeles, CA 90031",(323) 223-9989,N/A
Computer Doctors,"Los Angeles, CA 90004",(213) 380-3163,N/A
Tax Relief Systems LLC,"Los Angeles, CA 90010",(424) 264-5854,N/A
All Install,"Los Angeles, CA 90028",(323) 806-3168,N/A
Online Therapy and Counseling Until Midnight,"Los Angeles, CA 90025",(310) 268-8282,N/A
Tech Studio Mac and PC Repair,"Los Angeles, CA 90066",(310) 392-3858,N/A
Group Micro,"Los Angeles, CA 90024",(310) 443-4400,N/A
Organic SEO Marketing,"Los Angeles, CA 90025",(310) 479-2979,N/A
Heffernan Insurance Brokers,"Los Angeles, CA 90071",(213) 243-1230,N/A
the psychic consultant,"Los Angeles, CA 90048",(323) 933-1970,N/A
Firemotionz,"Los Angeles, CA 90066",(323) 253-9042,N/A
PROTECTED  FOREIGNERS in USA http://www.pfinusa.com,"Los Angeles, CA 90024",(818) 679-7883,N/A
Mac Enthusiasts,"Los Angeles, CA 90064",(310) 287-2777,N/A
Samra Clinic of Oriental Medicine,"Los Angeles, CA 90010",(213) 381-1700,N/A
The Law Offices Of Eugene Yun,"Los Angeles, CA 90010",(213) 388-3535,N/A
Hollywood Psychic Gallery,"Los Angeles, CA 90028",(213) 590-3949,N/A
DENA MICHELLE MANAGEMENT,"Los Angeles, CA 90028",(818) 723-7410,N/A
City Business Shipping,"Los Angeles, CA 90015",(213) 612-4949,N/A
The Hartford,"Los Angeles, CA 90017",(860) 547-5000,N/A
Ibanez Insurance and Financial Services,"Los Angeles, CA 90022",(323) 924-2476,N/A
cSquad,"Los Angeles, CA 90035",(310) 400-0107,N/A
"Kami Electronics, Inc.","Los Angeles, CA 90035",(310) 289-5264,N/A
Escape Room Games,"Los Angeles, CA 90068",(323) 975-0735,N/A
ALL CENTURY INSURANCE,"Los Angeles, CA 90034",(818) 649-3700,N/A
Quick N Easy PC Repair,"Los Angeles, CA 90034",(310) 309-2441,N/A
Keld Eriksson LLC.,"Los Angeles, CA 90036",(323) 746-3330,N/A
minty the cat,"Los Angeles, CA 90068",(818) 937-5243,N/A
Chakra Pro,"Los Angeles, CA 90019",(310) 447-4774,N/A
McNNADI AND COMPANY,"Los Angeles, CA 90013",(213) 867-5995,N/A
CatchUp Local Media LLC,"Los Angeles, CA 90046",(800) 689-1962,N/A
Meslee Insurance Services - Downtown,"Los Angeles, CA 90013",(213) 488-1000,N/A
Los Angeles Injury Law Center,"Los Angeles, CA 90071",(310) 237-6218,N/A
"Khorrami,LLP","Los Angeles, CA 90071",(213) 596-6000,N/A
Klymaxx Entertainment,"Los Angeles, CA 90007",(323) 952-3931,N/A
Law Offices of Alon Darvish,"Los Angeles, CA 90010",(323) 210-3263,N/A
Los Feliz Mac,"Los Angeles, CA 90027",(323) 665-6227,N/A
Glendale Printing,"Los Angeles, CA 90065",(213) 300-9915,N/A
H&R Block,"Los Angeles, CA 90010",(323) 634-9204,N/A
PC Wizards,"Los Angeles, CA 90028",(213) 537-2949,N/A
POS4Business,"Los Angeles, CA 90048",(888) 407-6374,N/A
HD Solutions,"Los Angeles, CA 90045",(877) 827-8080,N/A
McDermott Will & Emery,"Los Angeles, CA 90067",(310) 277-4110,N/A
Interplay Entertainment Corp,"Los Angeles, CA 90049",(310) 979-7070,N/A
Meraki RCM Solutions,"Los Angeles, CA 66101",(562) 375-0472,N/A
Aginian Accounting Corp,"Los Angeles, CA 90013",(213) 629-0400,N/A
Better Business Bureau (BBB),"Los Angeles, CA 90017",(213) 631-3600,N/A
Roy B Wiborg And Associate LLC,"Los Angeles, CA 90036",(800) 880-6096,N/A
Goya Studios,"Los Angeles, CA 90028",(323) 230-9005,N/A
"Color Code Your Life, LLC","Los Angeles, CA 90036",(310) 686-5583,N/A
Diamond Music Group Inc,"Los Angeles, CA 90071",(323) 518-1228,N/A
"KRAMER, TAFT, CALLAHAN, ROSENTHAL & SLATE","Los Angeles, CA 90067",(800) 272-1335,N/A
Bright Digital,"Los Angeles, CA 90034",(424) 335-7791,N/A
Branding Los Angeles,"Los Angeles, CA 90025",(310) 479-6444,N/A
MindLight Group,"Los Angeles, CA 90049",(323) 424-3474,N/A
Restaurant Assn of Southern California,"Los Angeles, CA 90012",(213) 687-4055,N/A
Hotel Association Of LA,"Los Angeles, CA 90071",(213) 239-5607,N/A
Chase Dent Tax Service,"Los Angeles, CA 90071",(800) 826-3066,N/A
First Digital Solutions,"Los Angeles, CA 90026",(310) 553-7100,N/A
Art Electronics,"Los Angeles, CA 90033",(323) 269-7121,N/A
Computer Ahnex,"Los Angeles, CA 90006",(213) 381-3869,N/A
Advanced Computing Institute,"Los Angeles, CA 90010",(213) 383-8999,N/A
"SK Tax Professionals Inc.,","Los Angeles, CA 90010",(213) 384-7100,N/A
Tsoi & Associates,"Los Angeles, CA 90010",(213) 387-2888,N/A
Mr Taxes LLC,"Los Angeles, CA 90058",(323) 841-9428,N/A
Victor's Barber Shop,"Los Angeles, CA 90063",(323) 262-9138,N/A
LA Plastic Card Printing,"Los Angeles, CA 90004",(818) 799-3934,N/A
Hollywood Colonic,"Los Angeles, CA 90029",(323) 467-1060,N/A
Susie's Income Tax & Legal Services,"Los Angeles, CA 90023",(323) 867-3948,N/A
Tax Methods Company,"Los Angeles, CA 90008",(323) 291-2566,N/A
Florentine Gardens,"Los Angeles, CA 90028",(323) 464-0706,N/A
Speedy Tech,"Los Angeles, CA 90036",(323) 933-4400,N/A
Washington Carburetors,"Los Angeles, CA 90016",(323) 733-0736,N/A
Fast Tax Services,"Los Angeles, CA 90041",(888) 253-1040,N/A
Ruperto Domingo Law Office,"Los Angeles, CA 90041",(323) 256-7770,N/A
City of Angels Tax Help Lawyers,"Los Angeles, CA 90008",(310) 853-5356,N/A
Ivana Chubbuck Studio,"Los Angeles, CA 90046",(323) 935-2100,N/A
The Magic Castle,"Los Angeles, CA 90028",(323) 851-3313,N/A
Gp Services,"Los Angeles, CA 90044",(323) 451-6900,N/A
Wonderful Cuts,"Los Angeles, CA 90048",(323) 653-5342,N/A
Kingly Computer Repaire Center,"Los Angeles, CA 90035",(424) 245-4270,N/A
JSB Insurance Agency,"Los Angeles, CA 90035",(888) 552-0333,N/A
"Career Development Institute, Inc.","Los Angeles, CA 90035",(310) 559-0225,N/A
Kollender & Sargoy Law Offices,"Los Angeles, CA 90067",(310) 277-7737,N/A
Gardner Jennifer B,"Los Angeles, CA 90067",(310) 461-1498,N/A
SEO Business Finders,"Los Angeles, CA 90045",(310) 714-0524,N/A
"Kerendian, Joseph","Los Angeles, CA 90064",(310) 696-0333,N/A
